search_candidates,best_candidate,cv_loss,r2,rmse,mae,wmape,wmape_signed_denominator
10,5,4.632840824127197,0.654853216566947,10.634398570737646,4.448009426669674,61.04241250756559,87.17362477502834
20,14,4.631122970581055,0.6407437773932683,10.849586028901859,4.51601287756268,61.97566023776586,88.5063798892621
30,22,4.289141273498535,0.6952777143907869,9.992246214653607,4.12328131432692,56.585994931744295,80.80949109097158
40,22,4.289141273498535,0.6952777143907869,9.992246214653607,4.12328131432692,56.585994931744295,80.80949109097158
50,41,4.213651371002197,0.701248615443413,9.893865030386886,4.041884424215359,55.468941871282816,79.21424672977604
60,41,4.213651371002197,0.701248615443413,9.893865030386886,4.041884424215359,55.468941871282816,79.21424672977604
70,41,4.213651371002197,0.701248615443413,9.893865030386886,4.041884424215359,55.468941871282816,79.21424672977604
80,72,4.006499528884888,0.7165310470035239,9.637486173662792,3.923665281445457,53.8465573421533,76.8973471451533
90,72,4.006499528884888,0.7165310470035239,9.637486173662792,3.923665281445457,53.8465573421533,76.8973471451533
100,72,4.006499528884888,0.7165310470035239,9.637486173662792,3.923665281445457,53.8465573421533,76.8973471451533
