feature,importance
oldest_pending_minutes,0.11992187
previous_age_minutes,0.10255185
available_oulu_arrival_delay,0.08654986
pending_count,0.07761965
previous_is_departure,0.05772327
oulu_recent_mean_delay,0.05329472
hour_cos,0.046557967
oulu_recent_max_delay,0.041968092
oulu_oldest_pending_minutes,0.039797187
previous_station,0.033826202
previous_scheduled_gap_minutes,0.031081457
is_departure,0.029007224
previous_delay,0.024411086
next_expected_gap_minutes,0.024120292
day_of_month,0.024107987
second_previous_delay,0.022528429
scheduled_route_position,0.0221218
history_mean_delay,0.02198917
history_max_delay,0.018111125
scheduled_oulu_dwell_minutes,0.017157849
history_count,0.016477896
oulu_recent_count,0.013704631
scheduled_run_elapsed_minutes,0.013121314
origin_station,0.012261806
oulu_pending_count,0.010350532
trainNumber,0.009917593
delay_change,0.008913421
hour_sin,0.008536934
month_cos,0.008238079
month_sin,0.0040307995
trainStopping,0.0
weekday_sin,0.0
weekday_cos,0.0
previous_is_oulu,0.0
commercialStop,0.0
