row_id,event_time,scheduledTime,departureDate,trainNumber,type,differenceInMinutes,prediction_cutoff,source_actual_time,source_scheduled_time,previous_delay,history_count,prediction,persistence_prediction,absolute_error
96021,2024-09-02 14:10:14+00:00,2024-09-02T01:56:00.000Z,2024-09-01,265,DEPARTURE,734.0,2024-09-02 01:56:00+00:00,2024-09-01 23:16:35+00:00,2024-09-01 23:00:00+00:00,17.0,157,182.91837,17.0,551.0816345214844
96019,2024-09-02 13:41:24+00:00,2024-09-02T01:44:00.000Z,2024-09-01,265,ARRIVAL,717.0,2024-09-02 01:44:00+00:00,2024-09-01 23:16:35+00:00,2024-09-01 23:00:00+00:00,17.0,157,181.62657,17.0,535.3734283447266
96022,2024-09-02 14:13:40+00:00,2024-09-02T05:06:00.000Z,2024-09-01,273,ARRIVAL,548.0,2024-09-02 05:06:00+00:00,2024-09-02 03:53:05+00:00,2024-09-02 02:23:00+00:00,90.0,159,273.6114,90.0,274.38861083984375
96024,2024-09-02 14:23:34+00:00,2024-09-02T05:26:00.000Z,2024-09-01,273,DEPARTURE,538.0,2024-09-02 05:26:00+00:00,2024-09-02 03:53:05+00:00,2024-09-02 02:23:00+00:00,90.0,159,275.31824,90.0,262.6817626953125
81936,2023-10-05 07:09:52+00:00,2023-10-05T01:56:00.000Z,2023-10-04,265,DEPARTURE,314.0,2023-10-05 01:56:00+00:00,2023-10-04 21:33:57+00:00,2023-10-04 20:59:00+00:00,35.0,108,541.5466,35.0,227.54656982421875
81935,2023-10-05 07:02:23+00:00,2023-10-05T01:44:00.000Z,2023-10-04,265,ARRIVAL,318.0,2023-10-05 01:44:00+00:00,2023-10-04 21:33:57+00:00,2023-10-04 20:59:00+00:00,35.0,108,538.8594,35.0,220.859375
81937,2023-10-05 07:19:00+00:00,2023-10-05T02:42:00.000Z,2023-10-04,269,ARRIVAL,277.0,2023-10-05 02:42:00+00:00,2023-10-04 21:55:10+00:00,2023-10-04 21:44:00+00:00,11.0,108,493.5132,11.0,216.51321411132812
85883,2024-01-05 09:10:41+00:00,2024-01-05T02:56:00.000Z,2024-01-04,265,DEPARTURE,375.0,2024-01-05 02:56:00+00:00,2024-01-05 02:51:51+00:00,2024-01-04 23:17:00+00:00,215.0,135,185.23999,215.0,189.760009765625
85882,2024-01-05 09:05:19+00:00,2024-01-05T02:44:00.000Z,2024-01-04,265,ARRIVAL,381.0,2024-01-05 02:44:00+00:00,2024-01-05 02:37:01+00:00,2024-01-04 23:07:00+00:00,210.0,133,198.08679,210.0,182.9132080078125
99343,2024-11-21 17:16:08+00:00,2024-11-21T14:11:00.000Z,2024-11-21,56,DEPARTURE,185.0,2024-11-21 14:11:00+00:00,,,,0,15.42169,0.0,169.57831001281738
87142,2024-02-02 08:56:36+00:00,2024-02-02T02:44:00.000Z,2024-02-01,265,ARRIVAL,373.0,2024-02-02 02:44:00+00:00,2024-02-02 01:33:55+00:00,2024-02-02 01:23:00+00:00,11.0,178,205.67543,11.0,167.32456970214844
86733,2024-01-23 22:58:02+00:00,2024-01-23T18:24:00.000Z,2024-01-23,266,ARRIVAL,274.0,2024-01-23 18:24:00+00:00,2024-01-23 17:17:06+00:00,2024-01-23 17:21:00+00:00,-4.0,14,132.27003,-4.0,141.72996520996094
92166,2024-05-26 15:41:48+00:00,2024-05-26T13:11:00.000Z,2024-05-26,56,DEPARTURE,151.0,2024-05-26 13:11:00+00:00,,,,0,10.637625,0.0,140.3623752593994
85748,2024-01-02 14:03:10+00:00,2024-01-02T11:33:00.000Z,2024-01-02,26,DEPARTURE,150.0,2024-01-02 11:33:00+00:00,,,,0,10.742212,0.0,139.25778770446777
85897,2024-01-05 11:44:46+00:00,2024-01-05T06:26:00.000Z,2024-01-04,273,DEPARTURE,319.0,2024-01-05 06:26:00+00:00,2024-01-05 06:24:37+00:00,2024-01-05 02:44:00+00:00,221.0,140,181.43849,221.0,137.56150817871094
85884,2024-01-05 09:26:33+00:00,2024-01-05T03:42:00.000Z,2024-01-04,269,ARRIVAL,345.0,2024-01-05 03:42:00+00:00,2024-01-05 03:12:49+00:00,2024-01-05 00:12:00+00:00,181.0,136,207.5488,181.0,137.45120239257812
87145,2024-02-02 09:28:49+00:00,2024-02-02T03:42:00.000Z,2024-02-01,269,ARRIVAL,347.0,2024-02-02 03:42:00+00:00,2024-02-02 02:20:39+00:00,2024-02-02 02:21:00+00:00,0.0,178,211.61221,0.0,135.38778686523438
81803,2023-10-01 15:32:38+00:00,2023-10-01T13:11:00.000Z,2023-10-01,56,DEPARTURE,142.0,2023-10-01 13:11:00+00:00,,,,0,10.528194,0.0,131.47180557250977
87141,2024-02-02 01:10:34+00:00,2024-02-01T22:57:00.000Z,2024-02-01,276,DEPARTURE,134.0,2024-02-01 22:57:00+00:00,2024-02-01 22:15:58+00:00,2024-02-01 22:10:00+00:00,6.0,30,6.2703867,6.0,127.72961330413818
87143,2024-02-02 09:01:07+00:00,2024-02-02T02:56:00.000Z,2024-02-01,265,DEPARTURE,365.0,2024-02-02 02:56:00+00:00,2024-02-02 01:33:55+00:00,2024-02-02 01:23:00+00:00,11.0,178,239.03366,11.0,125.96633911132812
