month,rows,r2,rmse,mae,wmape,wmape_signed_denominator
2023-09,866,0.7423430352987033,5.3771489579375995,2.2197053465845955,41.88853410639049,61.55186775991866
2023-10,1263,0.7011862677400716,12.92880266694413,3.5618745165737677,37.66134377926052,45.054056228669694
2023-11,1291,0.7310819528913327,5.993262459410496,2.575940929047365,41.73095418998806,58.31211186042694
2023-12,1344,0.8849596469249317,5.14178992106431,2.782988671268824,32.966127041999826,41.10260191412417
2024-01,1415,0.8837108753112917,15.61232417002571,6.272059619447789,26.59484091432268,27.747270162634425
2024-02,1207,0.8328978896597203,14.469147787356444,5.6869854197190035,32.63689331305077,35.37513606267181
2024-03,1482,0.8562152070003151,4.7776224165361105,2.786594166014439,33.789335248186866,43.24327281710365
2024-04,1332,0.8313903287066673,6.352977985899465,3.313464198138442,34.27455394828302,39.930646086315065
2024-05,1255,0.6546759437176541,8.478976307931987,3.3283200854561716,39.64918564069763,44.67902136322062
2024-06,1195,0.8541492222070508,6.312226671308366,3.8727824066847436,35.094979722364975,36.98533505944433
2024-07,1269,0.8398284146034073,4.998137135720552,3.015094949456535,46.254297520071844,53.95030302961567
2024-08,1128,0.7485309430154518,6.841364248192972,3.356263736817748,49.02700718894612,58.550347898707386
2024-09,1218,0.5720351956941836,25.23846833176798,4.5627689336186465,51.73573413840543,57.02290746098411
2024-10,1273,0.82443235182611,4.473930293462722,2.697253292164555,48.28580285368414,55.98570749919255
2024-11,1317,0.8913377754979669,10.362342500747943,3.7469191306511798,36.75474821292718,41.095040765053334
2024-12,1367,0.7924832279346999,6.085128033485999,2.806731095421724,41.269241770909936,53.04578193614678
2025-01,8,0.8404484599816262,2.232932069180382,1.7071700394153595,37.93711198700799,
